Gas,Year,Data
CH[4],6063,20363.075000567547
CO[2],6063,82236.27856199999
N[2]*O,6063,5936.28213904362
